,LSTM,Transformer,Prophet
MAE,5.893185137115715,19.361443640464373,16.353888795362092
RMSE,7.553923215303388,22.053338546620218,20.72969749340783
R2,0.8551318109203836,-0.23474304429524717,0.20102637356420394
MAPE,1404506403348790.5,1.2810325947961694e+16,368532377366112.7
MAE_%,21.268326214872467,69.87486219341876,33.6438465218846
