,MAE,MSE,RMSE,R2,MAPE,SMAPE
LSTM,2.0367082382226527,7.508108374699514,2.7400927675353466,0.7758174199629642,52.502757330750825,34.35150185193349
Transformer,6.70366807328069,65.41408535562687,8.087897461987687,-0.9531815064369291,339.5224970370788,72.51508969471485
XGBoost,2.1442856710769744,8.495326859192964,2.914674400202013,0.7463403298799575,50.415455853823744,33.234966726143504
Prophet,2.0686035122799007,7.39762427446452,2.719857399656188,0.7791163348703748,53.95630220869635,40.09594697044507
Ensemble,1.7919413755844213,5.697026210914791,2.3868444044207804,0.8298940331222096,47.383131365728595,31.655356396986633
