,MAE_mean,MAE_std,RMSE_mean,RMSE_std,R2_mean,R2_std,SMAPE_mean,SMAPE_std,folds
XGBoost,4.726942,0.796601,6.659999,0.876171,0.895189,0.029657,47.279811,14.711481,5.000000
LSTM,5.944704,1.296369,7.804588,1.512069,0.857294,0.050929,48.336645,14.336520,5.000000
Ensemble,6.231152,1.494020,8.241778,1.828236,0.846796,0.036528,49.361037,13.836465,5.000000
Transformer,11.430269,3.157737,14.451104,3.801874,0.522170,0.182871,60.146302,12.986936,5.000000
Prophet,11.955641,1.576983,15.376015,1.797134,0.415024,0.252331,68.980115,23.324615,5.000000
