,MAE_mean,MSE_mean,RMSE_mean,R2_mean,MAPE_mean,SMAPE_mean,MAE_std,MSE_std,RMSE_std,R2_std,MAPE_std,SMAPE_std
LSTM,0.0008393140080453385,1.1137930556589926e-06,0.0010534521487037133,-0.10336006451160157,249.88837189098882,160.5334047175926,5.8338315536156044e-05,1.573132979697946e-07,7.331781093769907e-05,0.13734895921171802,132.51538612442818,14.63762460863938
Transformer,0.0008002665167450092,1.0099777972502191e-06,0.0010048367491875371,-0.0017056972498004086,117.55774646263973,183.17149992586934,1.4607159650001223e-05,3.8780843686426535e-08,1.935302672079467e-05,0.001800496643468841,8.824339465744625,5.627294626619124
XGBoost,0.0007996883589724723,1.0084514100845533e-06,0.0010040813659160015,-0.00020709651685657526,99.99998619396156,199.99982770832037,1.4678620201759242e-05,3.809564486405532e-08,1.9044533942327773e-05,0.00029051770730848686,1.6483616905733685e-05,3.4347517683489204e-05
Prophet,0.0007996883589724723,1.0084514100845533e-06,0.0010040813659160015,-0.00020709651685657526,99.99998619396156,199.99982770832037,1.4678620201759242e-05,3.809564486405532e-08,1.9044533942327773e-05,0.00029051770730848686,1.6483616905733685e-05,3.4347517683489204e-05
Ensemble,0.0008019680521189434,1.0145529914026763e-06,0.0010070873433339067,-0.006167839036500811,129.3937962994367,179.46689853420833,1.613003937735927e-05,4.1892240655530934e-08,2.0914884630505276e-05,0.006975606107410874,21.709359655424965,7.112249749330654
