,MAE,RMSE,R2
LSTM,5.7030401486566324,7.552723112078533,0.8497093275744472
Transformer,15.549224822871885,20.268237462337854,-0.08232295203340656
Prophet,9.846605592331379,12.936979175579012,0.5613862491705646
